student_id,name,address,phone,mail,contact_person,contact_person_phone
1,Mirabelle Spendley,149 Merrick Pass,691-610-5500,pbannard0@canalblog.com,Phylys Bannard,925-574-4524
2,Binny Lehrmann,13 Pennsylvania Road,509-182-0929,jyukhnevich1@walmart.com,Janenna Yukhnevich,731-947-6474
3,Melonie Flowerden,4 Chive Lane,336-383-3346,vingliby2@patch.com,Valaree Ingliby,273-547-9754
4,Dulcinea Orth,5357 Victoria Road,522-870-0577,imeran3@cafepress.com,Ingrid Meran,158-806-6379
5,Grantley Slimon,0253 Warbler Pass,123-804-4856,hkildale4@deliciousdays.com,Hewitt Kildale,370-916-1757
6,Micky Knutsen,503 Hintze Junction,353-491-3918,kberzins5@jiathis.com,Krista Berzins,187-336-7600
7,Grant Stacey,5 Hooker Hill,360-707-1541,bfilipiak6@columbia.edu,Baxy Filipiak,405-934-4453
8,Xenia Torrecilla,1418 Reindahl Place,354-204-3981,rrivlin7@wikispaces.com,Russ Rivlin,554-275-8186
9,Cornelle Stotherfield,6 Corscot Place,521-960-1175,srosenstengel8@huffingtonpost.com,Shelley Rosenstengel,746-962-9712
10,Daryl Peal,644 Saint Paul Parkway,919-106-7705,cflanne9@nytimes.com,Colline Flanne,721-312-0042
11,Nikolas Tague,111 Golf Hill,531-176-8849,rhoughta@tmall.com,Roxane Hought,328-238-2304
12,Judith Gorries,76 Park Meadow Lane,251-295-4420,alomaxb@freewebs.com,Avivah Lomax,604-116-2581
13,Renata Tyzack,38150 Banding Terrace,515-466-7130,fjammesc@altervista.org,Filide Jammes,324-300-9380
14,Shurlock MacPaike,2879 Dexter Drive,636-707-5246,tsmithd@google.nl,Trent Smith,723-186-6018
15,Karlee Maddicks,3 Moulton Hill,688-564-4785,bcutrisse@miitbeian.gov.cn,Barnabe Cutriss,294-954-5340
16,Ailey Dilston,5 Dayton Trail,297-415-3999,ssenecauxf@ucoz.ru,Starlene Senecaux,387-464-8275
17,Ada Skinley,74339 Blackbird Plaza,909-418-4290,jtomasig@guardian.co.uk,Jone Tomasi,441-845-4311
18,Betsy Shrieves,1 Del Mar Hill,293-680-0513,bsportonh@wunderground.com,Bernardine Sporton,745-657-2083
19,Gabbi Burns,46999 Corben Alley,853-589-1873,ejuraszi@zimbio.com,Ede Jurasz,107-193-3417
20,Alyosha Maps,99 Debra Court,471-984-2197,nrodenburghj@salon.com,Noland Rodenburgh,885-316-7586
21,Dennet Heers,21447 Quincy Point,534-948-1662,dphillippsk@toplist.cz,Darcy Phillipps,136-622-5279
22,Worthy Rubinivitz,8044 Merchant Circle,343-553-1147,jgaitherl@nytimes.com,Jennee Gaither,863-488-9054
23,Cammy Gilbert,72 Lerdahl Road,631-632-9649,flyonsm@goo.ne.jp,Findlay Lyons,334-935-9642
24,Ringo Backwell,3 Ridgeview Plaza,785-806-9111,abellsonn@gov.uk,Annalee Bellson,265-640-6934
25,Bennie McGraw,58 Straubel Place,984-872-0597,mflukeso@aboutads.info,Marylynne Flukes,486-118-4636
26,Mickie Kerswill,19 Pond Way,544-143-2917,dthurbornp@arizona.edu,Dimitri Thurborn,633-551-2561
27,Janaye Robotham,7 Clarendon Junction,652-240-3248,edjurkovicq@blinklist.com,Enrica Djurkovic,862-538-2751
28,Kial Gallagher,72 Judy Circle,215-704-8004,fsphinxer@pinterest.com,Franni Sphinxe,974-191-7242
29,Dahlia Hynde,51594 Gateway Street,495-852-9063,kmcaws@apache.org,Kandace McAw,709-685-9439
30,Saba Shade,703 Atwood Crossing,594-330-9059,ngreenlandt@fda.gov,Nancey Greenland,736-829-2545
31,Sheeree Avery,6 Novick Place,829-798-6880,bherniku@wikia.com,Bonnie Hernik,985-918-0457
32,Dell Michelin,19325 Pepper Wood Hill,646-467-1865,ehaseldenv@123-reg.co.uk,Elicia Haselden,823-630-4008
33,Odey Slidders,3 Portage Park,933-188-8922,fluppittw@gov.uk,Florence Luppitt,365-351-1559
34,Rivkah Tewkesbury,26619 Springview Plaza,313-795-3680,fsommerliex@admin.ch,Frasier Sommerlie,887-163-3894
35,Antonietta Bladesmith,980 Shelley Court,208-834-0327,kgouleyy@lycos.com,Kacy Gouley,265-857-5984
36,Belinda Burridge,223 Tennyson Pass,916-347-9841,zwylamz@g.co,Zed Wylam,868-865-8333
37,Trenna Carluccio,5654 Pepper Wood Street,243-417-6879,bbertwistle10@yandex.ru,Bettine Bertwistle,447-445-6293
38,Alida Defond,43 Blue Bill Park Pass,490-466-5296,mhakonsen11@facebook.com,Melitta Hakonsen,976-598-7034
39,Lilly Minchindon,3 Golden Leaf Alley,937-609-0984,ndaniau12@irs.gov,Nicole Daniau,592-348-8700
40,Griselda Champness,93904 Mockingbird Junction,152-801-7609,abentham13@goo.gl,Alayne Bentham3,405-482-4355
41,Jennee Bestar,75 New Castle Parkway,839-887-7053,pknibbs14@ask.com,Philis Knibbs,507-739-1360
42,Eliza Pygott,1 Oak Plaza,937-357-3988,zpollok15@sphinn.com,Zorine Pollok,225-334-2036
43,Sher Pacquet,9881 Prentice Street,427-212-9871,jraeburn16@bloglovin.com,Janot Raeburn,580-862-3361
44,Ardis Konzelmann,5065 Susan Circle,141-196-0431,cheninghem17@buzzfeed.com,Calypso Heninghem,813-789-9347
45,Sherry Alans,872 Summer Ridge Plaza,902-662-1875,myearsley18@amazon.co.uk,Micky Yearsley,759-376-6046
46,Sawyere Goodman,4 Northview Hill,695-719-8798,wcallicott19@businessinsider.com,Wylie Callicott,330-753-5523
47,Nickie Frostdick,56658 Hermina Court,116-968-5702,mmcgeever1a@ca.gov,Moritz McGeever,138-466-6936
48,Kittie Gosswell,36545 Bluestem Drive,492-361-4917,gveltmann1b@com.com,Gradeigh Veltmann,858-857-2918
49,Audy Downing,6 Roxbury Parkway,925-693-9556,kfillimore1c@nih.gov,Kristopher Fillimore,681-349-2564
50,Kaye Santora,390 Manley Pass,189-499-3929,cwitchard1d@digg.com,Claudina Witchard,499-185-2468
51,Inger Adcocks,93486 Logan Circle,414-277-6924,ekesteven1e@cloudflare.com,Elinore Kesteven,851-482-6644
52,Kimberlyn Clevely,0966 Vernon Road,697-738-9543,imecozzi1f@naver.com,Iain Mecozzi,780-992-3781
53,Daryle Ros,89815 Alpine Crossing,873-451-5548,lsumers1g@bravesites.com,Lynsey Sumers,313-754-3638
54,Callie Vlasyuk,3155 Gateway Crossing,553-618-2701,bbugbee1h@nhs.uk,Bat Bugbee,866-151-2005
55,Kincaid Apark,263 Fulton Pass,365-414-1407,trossiter1i@pagesperso-orange.fr,Tobin Rossiter,324-573-4548
56,Shadow Barstock,2 Harbort Road,517-243-2377,awinscom1j@mail.ru,Arlena Winscom,329-730-0139
57,Analise MacMeekan,35 Lawn Circle,542-460-5446,mklasen1k@dailymail.co.uk,Minerva Klasen,648-324-6579
58,Keely Tunnow,68 Loftsgordon Court,487-182-6362,klangman1l@va.gov,Kennedy Langman,754-351-5827
59,Susi Housiaux,39826 Swallow Point,926-992-6792,jsmitherham1m@mit.edu,Jaynell Smitherham,501-188-8430
60,Hannah Effaunt,3 West Circle,669-600-2887,bmendus1n@altervista.org,Bogart Mendus,351-845-9858
61,Francis Duffit,59 Namekagon Place,954-593-3457,lfrondt1o@booking.com,Laurent Frondt,785-663-9160
62,Agna Bliss,09985 Welch Trail,563-336-9266,wdurno1p@de.vu,Willa Durno,245-839-3157
63,Lilyan Burnapp,25133 Briar Crest Trail,508-716-0664,syannikov1q@webs.com,Siegfried Yannikov,800-896-9863
64,Edna Aldwick,3 Crest Line Avenue,328-159-5647,cgoneau1r@sfgate.com,Cart Goneau,399-236-3059
65,Burk Graal,4982 Paget Way,989-576-0478,dstrut1s@bing.com,Danita Strut,919-621-3173
66,Ethan Cornall,92 Little Fleur Court,657-917-0354,jjarlmann1t@nps.gov,Jasmine Jarlmann,372-843-7577
67,Earlie Begg,32471 Victoria Street,511-803-8557,bdunkersley1u@last.fm,Barbara-anne Dunkersley,205-469-1539
68,Brigit Stilldale,90 2nd Way,688-142-2243,mmcmaster1v@digg.com,Mira McMaster,715-449-3337
69,Andrea Renad,9 Brickson Park Place,223-490-2266,cfilppetti1w@twitpic.com,Cthrine Filppetti,840-741-1729
70,Sybille Antwis,515 Hansons Crossing,787-582-8626,bkitney1x@disqus.com,Billie Kitney,613-342-0615
71,Clementine Alvarado,35 Northview Trail,246-380-2704,hsummerhayes1y@europa.eu,Hamel Summerhayes,555-421-1132
72,Lisa Folds,11074 Luster Terrace,168-144-4891,medds1z@booking.com,Moria Edds,949-766-3418
73,Vivie Rogliero,7054 Sloan Alley,691-342-8975,lmerrydew20@jugem.jp,Leela Merrydew,988-682-2471
74,Phillida Bainbridge,50866 Susan Circle,670-772-6635,cdominetti21@bandcamp.com,Chadwick Dominetti,138-102-4287
75,Peyton Defont,64 Jay Alley,326-569-7723,kcrangle22@bing.com,Karylin Crangle,746-220-9761
76,Jeralee Polland,0055 Judy Center,262-977-3970,lmcronald23@yellowbook.com,Leontyne McRonald,463-359-0618
77,Evangelia Roark,7696 Ruskin Street,885-590-0873,mbeynkn24@sourceforge.net,Mortimer Beynkn,131-498-1787
78,Stevena Hallowell,70961 Becker Center,348-815-6082,jjohann25@google.co.jp,Josselyn Johann,635-553-7910
79,Stillmann Crowson,9 Donald Trail,368-344-0301,pmulleary26@ovh.net,Paten Mulleary,251-570-9351
80,Fair Matthiae,7463 Carioca Lane,787-122-2276,mcastanares27@bloglines.com,Mayor Castanares,964-313-3056
81,Ronica Torbet,3108 Grover Lane,926-276-4966,ghawes28@hubpages.com,Grannie Hawes,909-889-2090
82,Den Jacobbe,8 Mallory Court,984-102-5268,kmcneillie29@dell.com,Klarika McNeillie,418-637-0921
83,Neron Rickesies,1 Morrow Point,639-887-2822,itune2a@cbc.ca,Irma Tune,474-749-8079
84,Yehudit Clampe,29936 Karstens Parkway,855-592-8569,mrheaume2b@themeforest.net,Melisse Rheaume,434-585-9053
85,Cornall Gareisr,415 Prentice Avenue,814-780-9184,afairbank2c@opera.com,Alika Fairbank,228-683-6330
86,Leann Thaller,128 Springview Pass,253-109-8491,bmaccracken2d@umich.edu,Bendix MacCracken,839-340-0077
87,Evangelia Delgaty,25 Tennyson Way,849-174-7965,cshilstone2e@ask.com,Carr Shilstone,686-484-8322
88,Chaddy Mendel,963 Sunnyside Center,222-616-6535,tangerstein2f@posterous.com,Tobe Angerstein,144-397-2008
89,Pate Silversmid,94 Bonner Crossing,457-109-1086,fmcclaughlin2g@guardian.co.uk,Fax McClaughlin,202-172-0583
90,Ruggiero Klosges,36 Lien Circle,607-980-8591,tbracher2h@accuweather.com,Trudy Bracher,642-804-1197
91,Wait Gillcrist,2 Judy Lane,152-729-5718,iranking2i@vimeo.com,Ingeborg Ranking,122-294-7388
92,Wilton Ricciardello,3 Karstens Terrace,798-640-1457,msute2j@edublogs.org,Morganne Sute,477-116-8769
93,Drucy Borit,23 Morningstar Road,454-367-9847,hbinnion2k@desdev.cn,Hyacinth Binnion,925-168-5814
94,Martino Lusk,3 Union Place,643-273-8261,drehorek2l@shutterfly.com,Donni Rehorek,690-331-7496
95,Bev Loughead,666 High Crossing Alley,627-665-8234,etipper2m@washington.edu,Elle Tipper,914-798-5820
96,Shel Rubinowitsch,300 Graedel Lane,966-383-5384,rhorder2n@cdc.gov,Roselin Horder,355-283-3304
97,Kalvin Gronw,41806 Kingsford Drive,487-675-7045,mcoggill2o@github.com,Moselle Coggill,872-174-8294
98,Waverly Barnwall,910 Sage Trail,263-640-4649,ksprason2p@earthlink.net,Karlan Sprason,626-815-3722
99,Bryn Sinisbury,2 Fuller Street,894-762-1819,lde2q@unc.edu,Lorie De Vaan,378-107-2013
100,Regan Robens,644 Lawn Avenue,958-990-6593,awraighte2r@yellowpages.com,Ammamaria Wraighte,125-804-7855
101,Lauri Danilyuk,2 Northport Circle,566-574-6290,lkrollman2s@dyndns.org,Liz Krollman,716-200-3561
102,Corrie Smillie,4807 Fremont Lane,546-100-1603,rdyneley2t@i2i.jp,Rhetta Dyneley,327-578-7296
103,Natalina Tinghill,66 Knutson Junction,483-392-1352,vcuphus2u@eventbrite.com,Vladamir Cuphus,522-468-6429
104,Thebault MacGinley,7202 Hooker Alley,640-232-3397,whogbourne2v@washington.edu,Wilmar Hogbourne,716-978-6726
105,Natal Thomel,6 Heffernan Drive,648-557-7980,mdobney2w@chron.com,Mariam Dobney,632-849-6417
106,Elianore Goulbourn,571 Ronald Regan Pass,188-710-2001,cwalaron2x@npr.org,Chadwick Walaron,775-972-9082
107,Kelvin Cowdery,68372 Rigney Pass,617-175-5427,mstanford2y@geocities.com,Mari Stanford,529-346-8842
108,Candida Potticary,55 Parkside Place,953-820-0909,bcheeseman2z@nsw.gov.au,Beverly Cheeseman,699-568-9973
109,Philippe Daltry,80945 Kropf Way,820-438-1735,imcknish30@cpanel.net,Ivette McKnish,397-623-5689
110,Carilyn Brumbie,3 Westerfield Center,570-300-0582,ewoolmore31@eepurl.com,Elwyn Woolmore,864-729-4517
111,Mercy Reitenbach,55 Miller Pass,556-915-7828,kharesign32@mapquest.com,Karylin Haresign,677-806-0917
112,Carolyn Judson,23622 Bartelt Place,798-171-7753,tgautrey33@prlog.org,Tad Gautrey,617-569-8145
113,Benton Haken,6092 Fuller Pass,998-488-9516,cdorset34@toplist.cz,Codi Dorset,842-146-8521
114,Shane Dresche,0511 Ridgeway Way,151-676-7449,dleuren35@infoseek.co.jp,Doroteya Leuren,468-635-7751
115,Rozalin Rivallant,79965 Eliot Hill,625-144-8462,fspraggs36@ted.com,Fredericka Spraggs,507-219-2794
116,Gerda Trevear,030 Thierer Hill,709-501-5587,cthreadgall37@booking.com,Chaunce Threadgall,377-622-6993
117,Faulkner Bolduc,26285 Comanche Alley,670-984-3791,ddewitt38@nationalgeographic.com,Dahlia Dewitt,647-501-5271
118,Raquela Sibthorp,811 Milwaukee Hill,327-798-0504,astrickler39@arstechnica.com,Asia Strickler,148-222-6113
119,Meghan Crouse,196 Vera Avenue,436-466-0415,hwendover3a@stanford.edu,Ham Wendover,510-831-2719
120,Matthieu Pyford,90513 Homewood Street,426-990-7526,dtruse3b@seattletimes.com,Dareen Truse,160-819-3123
121,Yanaton Rubinchik,9 Sugar Place,544-534-4271,ngrayley3c@youku.com,Norene Grayley,968-973-5700
122,Fidel Neilus,9619 Thompson Crossing,797-391-8543,tlovekin3d@about.me,Terese Lovekin,824-198-7296
123,Cobb Frankowski,37392 Kennedy Junction,849-490-9818,preddle3e@wsj.com,Pedro Reddle,444-540-3779
124,Bryna Huison,83 Packers Crossing,877-328-4399,rkitter3f@1688.com,Rozella Kitter,615-494-2586
125,Sylvester Abrahmson,97 Spenser Circle,356-761-1874,uwoolner3g@artisteer.com,Upton Woolner,744-673-4938
126,Gregg Levay,52 Colorado Terrace,219-613-9831,ciacovolo3h@guardian.co.uk,Celina Iacovolo,843-286-2994
127,Aggi Gain,58 Garrison Road,827-874-7944,mdaniele3i@aol.com,Milli Daniele,282-338-2090
128,Rebecka Panner,0491 7th Center,758-756-8685,mcrosseland3j@harvard.edu,Magdalene Crosseland,652-181-7411
129,Christopher Ruppele,8496 Forest Run Pass,794-584-2270,aeldershaw3k@pagesperso-orange.fr,Allard Eldershaw,796-391-3085
130,Margaretta Seargeant,81177 Oriole Circle,519-354-6609,bcrayk3l@feedburner.com,Bertrand Crayk,846-238-8165
131,Torrin Mugg,912 Dorton Park,883-772-1714,cburnside3m@usnews.com,Cletis Burnside,184-102-5524
132,Kathye Quigg,6 Carberry Lane,559-584-3141,thannay3n@wunderground.com,Tobias Hannay,370-869-5479
133,Faye Ardley,2234 Briar Crest Place,999-487-5216,lferro3o@deviantart.com,Lynnell Ferro,547-923-5041
134,Lewes Zecchetti,46 Ludington Drive,663-627-1791,lspriggin3p@nature.com,Livvyy Spriggin,791-151-3714
135,Chas Skittles,30 Badeau Avenue,461-787-8577,nfauning3q@ehow.com,Nikolos Fauning,716-416-6158
136,Natalee Peegrem,813 Bayside Park,598-527-2280,mseelbach3r@archive.org,Marillin Seelbach,374-491-1045
137,Martie Patzelt,44 Jenifer Center,832-813-3965,gnewby3s@reddit.com,Graig Newby,840-980-6179
138,Thibaud Brittan,266 Westport Junction,564-564-9952,hcostell3t@senate.gov,Hubie Costell,697-188-8085
139,Larisa Pawley,3 Everett Trail,766-845-8538,mgollin3u@photobucket.com,Maryanne Gollin,274-604-5730
140,Leland Brundle,1720 Farmco Court,859-346-5292,lcragell3v@unicef.org,Louisette Cragell,721-473-3296
141,Carley Podmore,88 Florence Point,154-768-5707,ddanilovitch3w@miibeian.gov.cn,Dix Danilovitch,133-306-7395
142,Adrea Daft,99197 Esch Terrace,451-823-6854,avamplew3x@umich.edu,Ada Vamplew,212-375-9789
143,Colan Bortolutti,202 Comanche Center,536-688-6094,rlamprey3y@stumbleupon.com,Rosie Lamprey,320-685-2766
144,Sally Bride,41 Utah Plaza,532-123-3933,jorys3z@sciencedaily.com,Jasun Orys,847-348-5089
145,Phedra Buckmaster,164 Homewood Avenue,899-241-8198,echancelier40@nymag.com,Emmery Chancelier,622-989-9008
146,Donna Santos,2708 3rd Place,181-220-1279,pcorstan41@surveymonkey.com,Pepita Corstan,705-854-9762
147,Solly Heams,06885 Melby Place,184-259-4225,ttorbett42@ebay.com,Trueman Torbett,890-525-1684
148,Mariann Draayer,81854 South Hill,349-592-5034,akanter43@merriam-webster.com,Aeriel Kanter,681-472-4234
149,Jessamyn Loveguard,1780 Utah Place,690-260-4323,gsproule44@bloglines.com,Goldia Sproule,453-637-3456
150,Dona Follet,40293 Texas Point,442-142-6850,djirieck45@nationalgeographic.com,Demetris Jirieck,679-712-2266
151,Timmie Deighton,46002 Lukken Parkway,760-784-9263,sivashin46@admin.ch,Shane Ivashin,806-399-0926
152,Augusta Greydon,4 Roth Junction,957-826-7200,krouke47@shareasale.com,Kirby Rouke,744-290-6162
153,Tudor Arney,27 Mockingbird Circle,365-461-1958,prosborough48@jimdo.com,Pippy Rosborough,545-796-0728
154,Lionel Smitham,4 Talmadge Circle,884-299-2689,aprattin49@upenn.edu,Aggy Prattin,755-760-6706
155,Nisse Carress,3 Mallory Point,725-590-3067,fschruur4a@quantcast.com,Findley Schruur,654-498-0026
156,Genna O'Hartagan,20 Northfield Road,926-116-6267,bwatts4b@ebay.co.uk,Barty Watts,628-603-4583
157,Jabez Ege,65824 Summit Plaza,889-856-4378,so4c@creativecommons.org,Sidonia O' Finan,329-203-7736
158,Lainey Ellor,5 Rockefeller Court,141-278-9345,xtapping4d@opera.com,Xavier Tapping,150-355-4377
159,Anetta Poole,24930 Scofield Drive,969-193-8849,lblitzer4e@addtoany.com,Lewes Blitzer,810-841-7077
160,Rebecca Hearons,254 Dottie Alley,860-618-7139,jstigers4f@spotify.com,Jenifer Stigers,188-196-5803
161,Cynthy Poyser,14091 Wayridge Court,551-723-8132,wdowber4g@hostgator.com,Waly Dowber,669-887-7433
162,Barbee Erickssen,510 Kinsman Junction,889-418-9997,bjakoviljevic4h@mail.ru,Brose Jakoviljevic,393-735-6739
163,Randy Scotting,1 Mccormick Drive,215-106-1226,khabard4i@sakura.ne.jp,Katherine Habard,942-702-7925
164,Asher Escritt,081 Shasta Terrace,250-834-2523,nbradly4j@istockphoto.com,Nancie Bradly,499-446-4274
165,Hamlen Banisch,5 Vera Plaza,548-920-8719,rcoleridge4k@hostgator.com,Rana Coleridge,319-907-2567
166,Thorin Scatchar,101 4th Drive,477-275-2925,mthelwll4l@macromedia.com,Mathilde Thelwll,758-292-7343
167,Faustina Bottoner,153 Macpherson Pass,111-157-3569,simms4m@paypal.com,Seward Imms,156-833-0658
168,Shay Purkis,1 Dottie Parkway,995-251-0875,jwortman4n@livejournal.com,Jack Wortman,194-251-8036
169,Rhys Upham,8670 Bultman Point,609-182-7923,mdrewe4o@simplemachines.org,Mercedes Drewe,749-925-3224
170,Boy Zavattieri,355 Mccormick Plaza,701-377-3554,wslevin4p@who.int,Webb Slevin,458-361-7097
171,Cindelyn Whittaker,7 Scott Terrace,223-282-7789,bdymond4q@vimeo.com,Belicia Dymond,847-600-5222
172,Joey Moriarty,60 Golf Center,213-363-5122,nchominski4r@redcross.org,Nickie Chominski,618-995-8633
173,Leeanne Witheridge,94803 Hudson Street,706-117-3883,treeday4s@taobao.com,Tommi Reeday,911-368-9693
174,Kristi McGirr,2 Merry Alley,750-935-8525,apavlik4t@nasa.gov,Angelica Pavlik,609-827-5150
175,Alfie Gedge,384 Center Junction,582-422-5828,ajacquest4u@stanford.edu,Amii Jacquest,839-203-1908
176,Milzie Reddie,818 Nobel Point,934-744-7356,mroos4v@merriam-webster.com,Man Roos,739-951-9185
177,Geoffrey McFadyen,3 Brickson Park Drive,482-966-3912,icharon4w@nifty.com,Inga Charon,725-687-3009
178,Emelia Reeman,3 Maple Wood Alley,563-815-9635,nboughen4x@usgs.gov,Nerte Boughen,883-139-5015
179,Trista Grinsdale,2 Bobwhite Point,517-196-4725,mpasmore4y@mysql.com,Marijn Pasmore,805-714-9772
180,Hedwiga Bastiman,31 Dayton Junction,267-915-9268,kcopyn4z@slashdot.org,Kania Copyn,408-888-6913
181,Mimi Lohan,6448 Dayton Court,600-751-7807,rantyshev50@issuu.com,Rowen Antyshev,663-599-9391
182,Ninnetta Pappin,9 Saint Paul Point,909-901-5068,cmeeke51@jigsy.com,Celinda Meeke,148-702-1175
183,Maridel Vuitton,80484 Graceland Terrace,515-580-0043,tingray52@vistaprint.com,Trent Ingray,929-679-7417
184,Angus Dilliway,2463 Tony Trail,822-751-2255,aculleton53@hugedomains.com,Alis Culleton,651-145-7006
185,Brnaby Bigley,9231 Macpherson Drive,582-116-8174,mricart54@reddit.com,Mil Ricart,469-160-7249
186,Reinhard Skirlin,8084 Lillian Park,543-213-8597,pbirth55@sciencedaily.com,Pearline Birth,310-641-2309
187,Salome Clayworth,53 Spaight Alley,740-331-5503,lschroder56@gnu.org,Lanny Schroder,409-313-7969
188,Brnaby Moreby,45 Packers Pass,635-432-6052,gmurrigans57@hatena.ne.jp,Georgiana Murrigans,920-166-8156
189,Virginie Andreasen,73 Corben Pass,948-396-2794,bbischop58@home.pl,Brook Bischop,971-367-5909
190,Herculie Stallebrass,38 Center Center,468-891-2070,lcaberas59@devhub.com,Livvy Caberas,889-879-5019
191,Dar Gratton,14 School Court,844-695-1755,lbrewster5a@twitpic.com,Lawton Brewster,527-794-4315
192,Miller Roycroft,94 Dahle Court,550-471-2242,nlouder5b@nasa.gov,Nicholle Louder,161-161-8699
193,Alyssa Manneville,31 Ilene Alley,734-435-7072,gioselevich5c@domainmarket.com,Genvieve Ioselevich,919-598-5373
194,Jackson Pressey,657 Hazelcrest Avenue,262-728-3496,cpountain5d@ocn.ne.jp,Cilka Pountain,809-684-3811
195,Aristotle MacInerney,40255 Delaware Terrace,881-507-0654,cblair5e@washington.edu,Casar Blair,203-407-3751
196,Case Lally,207 Mcguire Road,710-895-8639,pmontgomery5f@linkedin.com,Phyllida Montgomery,853-374-4662
197,Sigmund Cicullo,3597 Carey Way,493-449-3081,tmenichi5g@jiathis.com,Trude Menichi,266-701-8372
198,Yvette Corzor,288 Scofield Drive,679-777-7837,brigardeau5h@hp.com,Bary Rigardeau,275-852-7372
199,Kimberley Korneichuk,445 Thompson Avenue,985-832-2210,lseine5i@eventbrite.com,Luelle Seine,794-341-2821
200,Jens Blumer,6538 Red Cloud Junction,787-352-0237,lambroise5j@latimes.com,Laurie Ambroise,898-159-1211
201,Afton Docwra,5182 Stephen Avenue,191-814-9884,mavrahamy5k@youtube.com,Mireille Avrahamy,758-971-1849
202,Trude Tewkesberrie,93564 Dapin Crossing,784-175-3437,epumphrey5l@sina.com.cn,Elsy Pumphrey,246-760-0708
203,Melisse Suttie,8695 Continental Street,114-180-7007,bsaenz5m@mit.edu,Betti Saenz,416-893-8913
204,Anson Drury,521 Bartelt Terrace,330-107-4167,ffreezer5n@csmonitor.com,Frazier Freezer,225-199-8313
205,Lombard Kuschke,2 Elmside Circle,204-565-0006,vkares5o@google.de,Vilma Kares,909-343-7836
206,Wright Willacot,4 Claremont Terrace,756-527-6995,mblindmann5p@i2i.jp,Misti Blindmann,595-939-6579
207,Margret Ellis,393 Westend Drive,181-979-5130,yunstead5q@guardian.co.uk,Yuri Unstead,456-491-3117
208,Amby Clixby,2 Moulton Trail,664-217-8838,dshearstone5r@hostgator.com,Doralia Shearstone,800-525-7823
209,Florentia Makin,1126 Maywood Parkway,144-242-2300,ahune5s@businessweek.com,Anne-corinne Hune,296-109-7586
210,Tybalt Huckin,62810 Anderson Terrace,747-286-7230,lsiddele5t@unc.edu,Linnet Siddele,247-955-3932
211,Daphene Crutch,455 Mcguire Park,500-588-6633,bphetteplace5u@nbcnews.com,Berenice Phetteplace,575-961-6616
212,Lefty Camelli,42 Anhalt Circle,320-496-7546,dantonov5v@newyorker.com,Dawn Antonov,957-932-1905
213,Danielle Stuttman,46909 Buhler Alley,224-525-5250,mwiddall5w@disqus.com,Moria Widdall,588-406-9531
214,Nester Mathison,1516 Derek Circle,759-638-5295,wgallegos5x@cbslocal.com,Winston Gallegos,161-654-7284
215,Kellby Klemencic,6628 Comanche Parkway,400-825-4866,kcauderlie5y@de.vu,Katti Cauderlie,457-732-3297
216,Jeanine Piesing,39 Dapin Court,630-773-3148,dgallico5z@walmart.com,Dieter Gallico,222-695-4023
217,Arabelle Blowing,82 Mayer Plaza,126-302-1343,pwallbridge60@ted.com,Philipa Wallbridge,126-211-0777
218,Con Steptow,73 Fairfield Plaza,542-364-3102,ajeppe61@imageshack.us,Arturo Jeppe,264-403-3171
219,Melva Ozanne,58452 Crescent Oaks Circle,539-669-4167,emacanellye62@nyu.edu,Edsel MacAnellye,563-987-5623
220,Roseanne Wyld,982 Troy Place,430-194-1209,tkruszelnicki63@theglobeandmail.com,Timothea Kruszelnicki,480-254-0596
221,Faith Markus,3 Carey Park,961-329-7003,bbusher64@1und1.de,Bronny Busher,216-657-0354
222,Zacharia Warde,52 Thompson Circle,871-382-8475,mcottrell65@samsung.com,Marcille Cottrell,184-264-6849
223,Kristoffer Philipot,7 Schurz Alley,390-983-6637,sbembrigg66@opensource.org,Selina Bembrigg,803-846-3639
224,Freddi MacSorley,6 Forest Court,245-567-3995,bmounsey67@about.me,Bunny Mounsey,890-187-5557
225,Emma Mabley,307 Morrow Road,607-865-7948,sunitt68@alibaba.com,Scotti Unitt,360-669-8531
226,Teddie Hadley,256 Anniversary Alley,978-137-9005,kluckes69@sciencedirect.com,Kent Luckes,315-531-6983
227,Monika Barck,6163 Village Green Way,391-102-7239,adee6a@lycos.com,Adelaide Dee,131-131-4113
228,Ryan Abramovic,09 Bartelt Avenue,333-910-6036,tkopp6b@nba.com,Tabby Kopp,525-607-2146
229,Johnathon Parkhouse,68661 Maryland Avenue,581-458-2128,dellett6c@hatena.ne.jp,Darby Ellett,365-412-9028
230,Carce Levy,87017 Crest Line Pass,515-864-8401,othornewill6d@storify.com,Olav Thornewill,762-241-6570
231,Marlo Boot,2948 Farmco Parkway,423-299-8060,efancutt6e@icio.us,Erick Fancutt,516-506-3455
232,Demetria Carbonell,37 Old Gate Avenue,764-652-7468,dpitcher6f@cnet.com,Daniele Pitcher,670-545-6867
233,Calypso Askaw,5221 West Avenue,172-147-9738,ksmeeth6g@ocn.ne.jp,Kellia Smeeth,262-128-3146
234,Orin Hugk,545 Coolidge Avenue,541-415-3298,mcouvert6h@twitter.com,Magnum Couvert,608-930-9107
235,Luther Bednell,92 Waubesa Lane,687-206-8620,fcauley6i@prlog.org,Fanchon Cauley,639-753-5963
236,Delinda Stivey,379 Maple Wood Parkway,734-910-7928,gcoffee6j@photobucket.com,Gill Coffee,238-230-6053
237,Hynda Attrill,0261 Spenser Way,533-151-1668,jboagey6k@chron.com,Jacquelynn Boagey,810-208-1851
238,Jacquenetta Bance,20 Lakeland Court,129-823-9759,bduggen6l@ebay.co.uk,Bernadine Duggen,612-172-0687
239,Jody Foye,209 Northland Point,335-894-2181,bmyrtle6m@blog.com,Brennan Myrtle,720-185-1445
240,Jasun Gresser,2915 Roth Circle,474-574-2678,scaffin6n@soup.io,Shaine Caffin,279-438-3008
241,Boothe Glanvill,668 Debra Street,486-929-7920,rslessor6o@cnet.com,Redford Slessor,439-286-2057
242,Les Thompson,50 Northwestern Pass,304-929-3863,pcogan6p@simplemachines.org,Pavlov Cogan,630-703-0569
243,Phylys Eales,04518 Lunder Trail,210-616-1461,dhalfacre6q@bloglines.com,Diannne Halfacre,822-117-9071
244,Rena Cochet,42 Autumn Leaf Road,263-221-3201,sjenkin6r@zimbio.com,Seana Jenkin,356-907-4713
245,Allin Gilfether,75 Bayside Road,398-254-7575,tkynoch6s@cafepress.com,Trixi Kynoch,351-374-0982
246,Filide Bygrove,9663 Mayer Trail,626-301-3032,igraver6t@t.co,Isobel Graver,454-824-9713
247,Andy Grinnell,21105 Lakewood Gardens Pass,678-854-1404,krawles6u@loc.gov,Kassey Rawles,899-707-7491
248,Sid Espada,560 Goodland Plaza,344-896-0188,rsturt6v@fda.gov,Raddy Sturt,872-460-1089
249,Astrix Tourville,658 Starling Road,218-788-9082,fhalsworth6w@cisco.com,Flinn Halsworth,819-394-8135
250,Garner Wabersich,6916 East Street,382-905-5999,vjoynson6x@studiopress.com,Vivianna Joynson,573-376-4911
251,Tymothy Ashall,0 Kim Hill,483-623-9537,kstaniland6y@issuu.com,Kass Staniland,329-344-0352
252,Reuben Ablett,87589 Mifflin Court,511-425-4327,pmcgilvray6z@virginia.edu,Pinchas McGilvray,219-915-7924
253,Wain Connow,6273 Carey Alley,429-770-0552,sswindells70@oracle.com,Salomon Swindells,966-737-4034
254,Christean Beswetherick,17345 Pierstorff Road,932-147-7049,mjozwicki71@state.gov,Marga Jozwicki,317-662-2536
255,Michaela MacCorkell,620 Atwood Park,207-868-0593,jlambarth72@google.com.br,Jennette Lambarth,205-443-4128
256,Ivor Snugg,686 Anthes Park,626-968-6003,aguilleton73@flavors.me,Ambros Guilleton,778-998-0884
257,Arturo Roja,49 Farwell Trail,810-602-4586,kbanbridge74@weibo.com,Kay Banbridge,561-637-8530
258,Ralf Lenin,71610 Shelley Junction,761-528-9989,lrayworth75@google.co.uk,Laure Rayworth,217-715-2015
259,Madge Ambrozik,7403 Lighthouse Bay Park,514-177-2164,bbearn76@mysql.com,Becca Bearn,389-368-7291
260,Major Anstey,50947 Esker Trail,493-722-1748,blanahan77@boston.com,Branden Lanahan,599-778-9381
261,Iggy Aston,00328 Evergreen Circle,859-809-5604,gpeotz78@examiner.com,Gilles Peotz,435-916-6062
262,Aguistin Hustler,08041 Sundown Park,291-750-6946,mfranke79@edublogs.org,Marcelline Franke,825-399-0695
263,Alanson MacKeogh,131 Nelson Crossing,533-709-5448,kde7a@ihg.com,Karlyn De Michele,659-114-9774
264,Emmit Columbell,629 Holmberg Terrace,975-821-8298,cyard7b@soup.io,Clem Yard,919-947-2335
265,Claudio Roullier,35 Namekagon Terrace,410-564-5570,dhedgeman7c@i2i.jp,Deeyn Hedgeman,587-140-6354
266,Olia Ismail,91 Sommers Terrace,991-332-8685,tlesley7d@amazonaws.com,Tonnie Lesley,691-674-5251
267,Raffaello Scoyne,099 Sunnyside Crossing,344-447-9487,mgain7e@kickstarter.com,Micaela Gain,658-147-7595
268,Ad Grandin,808 Eastlawn Center,759-608-2130,rcordes7f@sourceforge.net,Rubin Cordes,718-668-4363
269,Jerrie MacGaffey,34 Cherokee Center,426-944-5671,hnourse7g@wufoo.com,Holt Nourse,122-582-0520
270,Rici Yosevitz,03850 Bashford Crossing,478-560-7567,gmatveichev7h@ibm.com,Gaelan Matveichev,954-825-9477
271,Lynda Blacket,30 Golf View Street,546-597-3744,khesser7i@wp.com,Kaine Hesser,176-640-6312
272,Danell Bodman,44266 Colorado Place,298-377-3196,riwanicki7j@tinypic.com,Raddy Iwanicki,745-509-2040
273,Davon Pepi,39147 Sundown Lane,822-974-1381,regdell7k@comsenz.com,Renae Egdell,124-129-2631
274,Alana Erdely,926 Declaration Trail,825-151-2936,jizzard7l@php.net,Jim Izzard,223-362-7649
275,Dido Maleham,4068 Green Way,245-539-3611,ihugin7m@cam.ac.uk,Isabella Hugin,290-516-3991
276,Jerrylee Gilffilland,8 Sugar Terrace,660-505-6980,mbasant7n@fotki.com,Martha Basant,823-759-8472
277,Lukas Greig,5619 South Point,970-417-5385,bcongreve7o@discuz.net,Barde Congreve,383-854-2534
278,Bessy Whybrow,702 Hallows Way,734-258-7041,mkendrick7p@t.co,Mortie Kendrick,953-766-5082
279,Carmela Stitfall,544 Stone Corner Center,856-132-0800,mgaenor7q@hao123.com,Michale Gaenor,679-453-9956
280,Shae Tregea,40414 Sommers Junction,371-704-0612,dvasiliu7r@de.vu,Domeniga Vasiliu,781-545-4855
281,Abbe Champley,394 Bonner Trail,134-573-9220,lmedler7s@webmd.com,Ly Medler,945-941-4362
282,Ingeberg Milmoe,83579 Commercial Trail,796-949-6462,tbeavon7t@upenn.edu,Talyah Beavon,683-597-8472
283,Hayyim Raleston,9036 Merchant Plaza,694-162-6665,wchesshyre7u@disqus.com,Wainwright Chesshyre,454-902-8098
284,Elita Canelas,246 Clyde Gallagher Park,778-679-3066,rdibdale7v@pen.io,Rhiamon Dibdale,996-230-2889
285,Royal Lyffe,5 Vera Hill,317-707-5951,cgarbutt7w@dyndns.org,Craggy Garbutt,830-230-8298
286,Alair Dunniom,57236 Spaight Trail,621-114-1781,ascarsbrick7x@posterous.com,Arvy Scarsbrick,256-256-0209
287,Richy Gebby,20599 Kings Trail,943-217-4299,lpautard7y@cloudflare.com,Lissi Pautard,191-953-5136
288,Glad Manderson,38 Maple Wood Parkway,279-308-1530,athurlby7z@marriott.com,Arline Thurlby,469-632-4378
289,Lewie Janz,13069 Merchant Parkway,298-650-2874,bedowes80@nbcnews.com,Baily Edowes,746-475-3605
290,Madlen Burnel,2717 Maple Center,401-300-7020,pkornes81@freewebs.com,Peirce Kornes,886-313-5090
291,Renell Dragonette,42178 Fordem Center,221-572-6284,sdu82@ucoz.ru,Simonne Du Pre,935-100-4946
292,Merola Eick,948 Loeprich Lane,137-668-7149,strusler83@blogger.com,Sheila-kathryn Trusler,958-812-6879
293,Cora Warters,157 Little Fleur Junction,202-508-3324,acantrell84@wiley.com,Agosto Cantrell,798-527-9301
294,Jazmin Crippin,88 Sachs Drive,617-933-6595,bgorvin85@timesonline.co.uk,Brook Gorvin,180-867-6723
295,Nari Glas,07 Basil Circle,845-857-5825,ecoller86@blogspot.com,Elnora Coller,856-772-6303
296,Lauraine Swatten,86650 Red Cloud Street,503-915-4067,koswick87@utexas.edu,Kellsie Oswick,455-267-5974
297,Burke Strettell,26 Corscot Terrace,893-441-0839,rway88@apache.org,Roseann Way,185-970-0845
298,Margareta Ashplant,6 Monterey Lane,260-927-3334,csimper89@google.com.hk,Cariotta Simper,133-751-7476
299,Wendye Sellek,9206 Ridge Oak Pass,863-169-7697,ltrenaman8a@bbc.co.uk,Lion Trenaman,651-935-6498
300,Anica Laneham,3 Myrtle Lane,904-639-6120,ayakovich8b@redcross.org,Amby Yakovich,982-416-2461
301,Arabele Bretton,6617 Vernon Lane,318-244-7967,gkarys8c@domainmarket.com,Garik Karys,448-358-1425
302,Channa Wytchard,4 Eliot Alley,608-873-0816,kcartin8d@ocn.ne.jp,Kelli Cartin,600-789-6623
303,Antin Dechelette,8 Harper Pass,772-988-4535,kmclarty8e@icq.com,Korella McLarty,897-821-1109
304,Tami Kirstein,6820 Saint Paul Point,923-789-4261,jplank8f@taobao.com,Jarrett Plank,626-638-0992
305,Ximenes Neller,914 Autumn Leaf Hill,388-191-4856,beeles8g@google.co.uk,Base Eeles,658-871-4245
306,Ricardo Stubbe,15 Mcbride Circle,309-282-3141,cslorach8h@plala.or.jp,Carleton Slorach,652-420-9938
307,Erek Dumini,682 Debs Court,209-839-7880,bclancey8i@techcrunch.com,Bekki Clancey,478-979-8860
308,Loralee Fahrenbach,0 Warner Point,789-847-1482,dcurtoys8j@google.fr,Dena Curtoys,989-188-5084
309,Eldredge Godbehere,64411 Ryan Court,160-325-6135,fklaffs8k@cisco.com,Friederike Klaffs,793-144-6857
310,Brandy Pitcher,150 Swallow Trail,807-135-0141,plambkin8l@disqus.com,Pansy Lambkin,193-963-9771
311,Helenka Beeton,4799 North Avenue,212-783-1561,dwayvill8m@mit.edu,Dorian Wayvill,805-519-5639
312,Munroe Landeg,474 Forster Alley,129-197-9431,mcraxford8n@marketwatch.com,Maxwell Craxford,108-586-7698
313,Dawn Kemitt,493 Fairfield Circle,245-125-9670,cpridie8o@washingtonpost.com,Camile Pridie,845-744-2513
314,Kellen O'Neary,29098 Butterfield Crossing,568-195-8777,aferguson8p@businessweek.com,Audra Ferguson,103-234-2396
315,Bing Nugent,00800 Vidon Center,981-876-3185,bbellay8q@netlog.com,Benedetto Bellay,389-327-4356
316,Priscilla McVee,542 Mitchell Drive,388-344-8276,challigan8r@hhs.gov,Cortney Halligan,312-739-0925
317,Fairfax Wealthall,39 Porter Plaza,712-578-6844,aschaffel8s@odnoklassniki.ru,Aarika Schaffel,369-440-4195
318,Fairlie Kubis,4702 Gerald Circle,189-828-4218,lwhitlow8t@qq.com,Lane Whitlow,283-670-7968
319,Killian Weedall,67 Weeping Birch Street,320-327-0939,idrain8u@flickr.com,Isa Drain,586-874-2430
320,Lora Murrigans,9162 Milwaukee Place,698-766-6874,blamont8v@nationalgeographic.com,Beryl Lamont,846-550-8659
321,Alex Abdee,35962 Clemons Plaza,206-899-6191,gmcdonough8w@myspace.com,Gardener McDonough,117-863-5800
322,Cyndia Huot,25 Columbus Pass,334-825-9159,tpepin8x@storify.com,Theadora Pepin,177-378-9440
323,Blondy Wintersgill,6 Mesta Pass,685-181-5257,rlumpkin8y@booking.com,Richie Lumpkin,496-186-5206
324,Chelsy Kern,7260 Hanson Center,632-504-2696,pruggen8z@uiuc.edu,Papagena Ruggen,334-345-6358
325,Kimbra Lambarth,40 Mcguire Lane,805-855-2838,lfones90@fema.gov,Lyndsie Fones,404-128-5724
326,Doria Jolliss,8 Elgar Way,618-846-3029,kpenney91@abc.net.au,Karlens Penney,173-313-0515
327,Oates O'Geaney,152 Michigan Street,817-273-2628,dcornbill92@tumblr.com,Dina Cornbill,185-541-5536
328,Ravi Capon,11 Karstens Center,373-802-6852,ucolliard93@oakley.com,Ursula Colliard,462-614-9360
329,Riordan Dewane,8 Pankratz Drive,161-554-7273,molexa94@wunderground.com,Manolo Olexa,654-139-8432
330,Ainslie Mease,8211 Doe Crossing Way,469-242-8223,pbehne95@rambler.ru,Pippa Behne,839-739-6094
331,Alaine Jandel,878 Hanover Avenue,135-963-0217,cdewbury96@indiegogo.com,Cad Dewbury,809-809-8000
332,Ernst Sussans,14 Maple Road,712-520-7224,rmacallam97@weibo.com,Rebecka Macallam,874-581-3548
333,Elsinore Goggey,262 Autumn Leaf Way,557-961-9701,aabba98@comsenz.com,Aube Abba,760-151-7476
334,Melina Monckton,6398 Vernon Junction,898-806-4571,fneedham99@webeden.co.uk,Friederike Needham,409-657-3204
335,Dallas Farquharson,181 Mayer Drive,404-137-5924,ihulbert9a@sciencedaily.com,Iorgo Hulbert,391-444-3224
336,Rutledge Sibyllina,88 Golf View Park,763-282-9122,adelafont9b@topsy.com,Alexandro Delafont,127-858-8094
337,Charlotte Butterley,9 Waxwing Way,789-985-0087,hgorrie9c@jugem.jp,Haroun Gorrie,441-726-1480
338,Carl Pavlishchev,7 Coolidge Way,519-671-5702,nkevis9d@auda.org.au,Nobe Kevis,269-997-6740
339,Demetria Yedall,45368 Monument Hill,169-675-1381,slicciardi9e@blogs.com,Saunderson Licciardi,890-380-0850
340,Cosette Karolyi,31 Rieder Place,771-732-0623,cmanginot9f@diigo.com,Cindie Manginot,462-377-0904
341,Stevie Book,0174 Manitowish Place,194-867-1965,fcarlson9g@cnn.com,Fidel Carlson,385-527-2128
342,Ruthie Maclean,10 Cherokee Center,601-290-5185,slamps9h@twitter.com,Stephan Lamps,127-143-3243
343,Zena Dwelly,16 Bellgrove Trail,302-499-1305,plackham9i@google.co.uk,Phyllys Lackham,227-116-6902
344,Jonie Soles,034 Nova Park,895-963-5091,rkeirl9j@altervista.org,Renata Keirl,923-659-2543
345,Maressa Kidstoun,0 Sachtjen Terrace,893-464-3828,rhalliberton9k@sfgate.com,Rodrigo Halliberton,833-578-9475
346,Bancroft Vigars,6 Manufacturers Center,854-483-4199,dmccarver9l@opensource.org,Darnall McCarver,813-653-9470
347,Cortie Leuty,71472 Carioca Circle,198-202-4199,fhacaud9m@fema.gov,Florri Hacaud,943-733-1742
348,Sunshine Paladini,4 Westridge Lane,598-153-1418,ealdwinckle9n@mapy.cz,Eileen Aldwinckle,278-612-7279
349,Adolph Langmead,22812 Bartelt Trail,252-842-3535,bkeaveny9o@hexun.com,Bendick Keaveny,792-773-1661
350,Emmit Salvadore,72 Knutson Hill,570-601-6629,ascarce9p@sitemeter.com,Ava Scarce,862-341-0826
351,Lewiss Blundin,42 Sundown Street,281-919-2386,gwulfinger9q@geocities.jp,Geri Wulfinger,594-807-3507
352,Tanitansy Sexti,6 Weeping Birch Street,495-222-0176,bpardey9r@nationalgeographic.com,Borg Pardey,899-915-7923
353,Steward Tidcomb,2708 Jenifer Junction,731-184-7680,ahubery9s@vistaprint.com,Audi Hubery,536-840-1664
354,Raffaello Peete,2429 Corry Avenue,764-212-1046,smcdool9t@google.ru,Silvain McDool,253-985-6397
355,Nigel Le Grove,8476 8th Lane,201-595-6365,psilverston9u@economist.com,Pail Silverston,417-100-0804
356,Louisette Skelton,2151 Merrick Street,608-289-0232,sskellern9v@is.gd,Svend Skellern,607-300-8140
357,Dyanne Hobben,8 Roxbury Park,528-199-7283,gjacobowitz9w@printfriendly.com,Gayle Jacobowitz,671-476-1623
358,Eugene Dunabie,1 Rockefeller Parkway,234-505-2652,rbaudy9x@flavors.me,Regine Baudy,837-599-2551
359,Toby Bardey,0 Sage Parkway,824-244-1015,dbouts9y@who.int,Devon Bouts,291-668-2374
360,Bridget Weatherley,46 Meadow Valley Way,471-812-3358,gdench9z@ustream.tv,Grissel Dench,233-784-0824
361,Cyndi Edess,3 Sunfield Junction,261-132-4155,ahaningtona0@tripod.com,Ashia Hanington,670-378-1888
362,Raynard Leonarde,9622 Village Green Way,934-785-5798,shurlera1@baidu.com,Silvanus Hurler,303-421-5122
363,Hersch Birchwood,5 Michigan Circle,968-465-8751,lbarga2@wunderground.com,Layla Barg,404-783-4053
364,Micaela Huddy,47051 Westridge Pass,246-520-8403,mdellabbatea3@naver.com,Michel Dell'Abbate,128-556-2896
365,Dayle L'oiseau,591 Nancy Drive,142-750-9631,obrenstuhla4@ustream.tv,Odette Brenstuhl,533-219-4624
366,Ingeborg Thackham,39146 Waubesa Court,880-608-0763,twheelikera5@eepurl.com,Tanny Wheeliker,827-243-0944
367,Gram Humberston,47 7th Circle,506-770-0989,econforda6@blog.com,Edeline Conford,734-652-4790
368,Roanna Dalrymple,20 Brentwood Court,342-727-2501,hantcliffea7@posterous.com,Hyman Antcliffe,400-447-3670
369,Rafa Larwood,18396 Bartelt Way,912-912-9167,ysutheringtona8@fc2.com,Yetty Sutherington,400-680-9685
370,Violet Hardwicke,334 Lien Drive,703-357-6854,oiskova9@howstuffworks.com,Othella Iskov,279-834-1407
371,Gilli Chill,3989 8th Terrace,883-903-9528,aoffieldaa@blogger.com,Adaline Offield,196-604-5835
372,Cassaundra Margerrison,6935 Merchant Hill,818-794-8557,jgollingab@omniture.com,Jeanna Golling,129-217-9117
373,Didi Greenhaugh,9 Melvin Circle,183-269-3723,oigoeac@nytimes.com,Orton Igoe,299-669-5470
374,Kalindi Durnall,18745 Oriole Lane,520-227-9944,gmitrovicad@forbes.com,Guthrey Mitrovic,253-304-5237
375,Rustin Bertelet,32 Westridge Trail,199-773-5891,mgoriae@eventbrite.com,Melly Gori,712-105-5665
376,Anjanette Pender,38162 Hooker Center,511-698-8165,cleathesaf@trellian.com,Correy Leathes,585-258-6744
377,Amelina Aronovich,84370 8th Center,677-163-0761,gradolfag@vkontakte.ru,Gideon Radolf,762-443-0236
378,Holly-anne Girtin,9467 Bartelt Avenue,487-872-4347,khutableah@nytimes.com,Keelby Hutable,960-656-9628
379,Saxe Byforth,9 Goodland Road,976-350-1110,lbarnfatherai@so-net.ne.jp,Lynn Barnfather,926-886-3903
380,Livvie Ravens,590 Dryden Street,807-179-3235,amuffittaj@nyu.edu,Annabela Muffitt,185-409-4393
381,North Tort,81656 Di Loreto Point,985-736-2298,lnethercottak@unc.edu,Leighton Nethercott,272-699-9781
382,Reuven Jenton,08 Redwing Terrace,914-286-0669,mmilsapal@washington.edu,Mei Milsap,629-181-2083
383,Rikki MacCostigan,22227 Dennis Pass,353-129-3402,oslamakeram@time.com,Osbourn Slamaker,257-534-1022
384,Kendall Cornelleau,65255 Jenifer Point,789-914-4312,tjeskinsan@example.com,Tully Jeskins,778-981-3343
385,Delores Paolino,81 Sommers Road,350-180-9031,istockoeao@google.es,Ingra Stockoe,815-413-0752
386,Johnette Backshall,24 Grayhawk Alley,137-404-4755,bdanilevichap@tuttocitta.it,Barnard Danilevich,179-866-3072
387,Arlana Fowlston,7 Esch Circle,919-472-8715,zdjekovicaq@ucoz.ru,Zebadiah Djekovic,624-497-8933
388,Alyss Solly,785 Barby Hill,215-562-5661,kflanaghanar@hp.com,Kare Flanaghan,142-307-8392
389,Dulcy Aldersley,3 Larry Plaza,514-846-4295,klegrandas@istockphoto.com,Kendrick Legrand,298-527-3183
390,Sanford Henken,7134 Spohn Junction,276-980-5421,sropeat@cisco.com,Sherri Rope,364-164-2942
391,Agnella Wank,561 Pine View Road,559-694-1252,eorrahau@yahoo.co.jp,Evyn Orrah,790-513-6142
392,Lorianna Moy,9664 Orin Plaza,540-325-0770,tgerrelsav@nps.gov,Tiebout Gerrels,596-110-0130
393,Melloney MacClinton,32 Kipling Junction,153-817-5404,klongsonaw@sohu.com,Kaylee Longson,185-135-5727
394,Duke Mackrill,9759 Loftsgordon Lane,210-680-0382,lschelligax@wiley.com,Lucienne Schellig,525-305-0350
395,Angela Atcock,6762 Sachtjen Center,417-841-1480,awyldishay@craigslist.org,Ambur Wyldish,365-889-8311
396,Ado Pollicatt,09708 Aberg Terrace,982-657-9349,ddomeniconeaz@ftc.gov,Daniel Domenicone,114-915-9841
397,Welbie Zecchetti,076 Sheridan Plaza,731-155-7221,kkeddleb0@accuweather.com,Kellby Keddle,466-860-1901
398,Delinda Roberds,5 Bartelt Crossing,600-205-5770,lpatricheb1@kickstarter.com,Lind Patriche,773-629-7554
399,Nikolia Wilstead,5 Waxwing Parkway,471-186-1158,gmunroeb2@360.cn,Glad Munroe,685-674-4604
400,Danika Senchenko,3266 Jenna Circle,547-867-5618,tbroeb3@instagram.com,Tawnya Broe,344-664-9582
401,Yankee Pantlin,6 Hallows Trail,657-314-9345,enewingb4@vk.com,Edith Newing,690-638-4768
402,Monro Nicholls,97 Sunnyside Parkway,867-793-1866,rhullinb5@1688.com,Reyna Hullin,368-217-8956
403,Christoffer Songust,23613 Bay Parkway,901-922-6319,smishawb6@topsy.com,Sonny Mishaw,321-231-6656
404,Travis Tithacott,5 Morning Road,880-343-8913,snekrewsb7@i2i.jp,Sutherlan Nekrews,402-462-3064
405,Ashely Bote,82881 Little Fleur Road,751-613-7542,rlemmersb8@bloomberg.com,Ricardo Lemmers,483-623-6321
406,Benny Renny,1 Glacier Hill Place,847-675-0240,dedgarb9@un.org,Dave Edgar,192-607-4417
407,Stewart Oven,27325 Ridgeway Center,738-661-1300,skermottba@admin.ch,Shana Kermott,791-342-0330
408,Lonny Tal,31 Ohio Drive,312-867-7463,agrishakovbb@eepurl.com,Arin Grishakov,870-555-9127
409,Mel Bortoluzzi,08475 Manufacturers Place,628-975-1535,kticicbc@thetimes.co.uk,Kaleena Ticic,201-508-5565
410,Goldie O'Sheilds,487 Fairview Street,205-427-7587,scricketbd@so-net.ne.jp,Shaylah Cricket,103-452-9649
411,Charlton Beaudry,14 Becker Street,345-730-2624,gadcocksbe@slashdot.org,Gaby Adcocks,901-628-9607
412,Anthe Rany,374 Golf View Parkway,410-509-6712,mnaisbetbf@example.com,Monica Naisbet,856-562-8231
413,Dredi Richarson,0 Lindbergh Center,124-420-0125,abattyllbg@psu.edu,Antoni Battyll,445-947-2229
414,Nowell Southcombe,51 Sutherland Park,836-444-2125,jleyninyebh@bloomberg.com,Jewelle Leyninye,193-513-8810
415,Dyane Plumley,710 Atwood Junction,414-140-6691,sduffittbi@ifeng.com,Serena Duffitt,742-183-0733
416,Baird Spino,77 Buhler Park,993-554-5523,wblackborowbj@com.com,Winifred Blackborow,817-967-0383
417,Jarret Aucutt,37463 Kim Plaza,512-454-2262,ngreenroadbk@homestead.com,Noelyn Greenroad,111-600-8891
418,Shelly Balloch,85 Grasskamp Park,263-322-4060,lludovicibl@accuweather.com,Lisle Ludovici,952-110-5801
419,Tedmund Mcall,3 Ronald Regan Parkway,115-547-6562,hvyelbm@bloomberg.com,Hayward Vyel,997-225-0997
420,Amii Abbati,33 Eagle Crest Hill,375-749-5720,ssibbonsbn@cdbaby.com,Sherlock Sibbons,566-135-3638
421,Kial Durant,832 Nevada Pass,995-636-3572,bhyltonbo@deliciousdays.com,Bernadene Hylton,481-162-6601
422,Alejandrina Varsey,327 New Castle Street,573-886-6159,gmelarkeybp@mtv.com,Giraldo Melarkey,842-801-4547
423,Mandel Mose,6032 Mosinee Circle,844-202-4406,tbailissbq@un.org,Tremain Bailiss,808-692-9235
424,Paola Neligan,64 Hanson Place,211-650-8328,bhoudmontbr@creativecommons.org,Byron Houdmont,654-499-4364
425,Ozzy Domenico,93883 Esker Point,470-920-7559,singlebs@webmd.com,Sam Ingle,960-745-0397
426,Stella Maskell,6 Union Alley,888-342-0026,zlenahanbt@ask.com,Zabrina Lenahan,496-459-8484
427,Lelia Norvel,76 Independence Junction,434-405-5189,rturpinbu@de.vu,Rowen Turpin,247-535-4966
428,Natka Shailer,5205 Haas Pass,732-988-5219,kphupratebv@cpanel.net,Kim Phuprate,161-247-9099
429,Cora Hadfield,56964 Johnson Junction,988-789-3517,mmibournebw@ca.gov,Muire Mibourne,436-498-1981
430,Frazer Dunthorne,8428 Monterey Lane,696-248-2566,saddionisiobx@posterous.com,Scottie Addionisio,990-778-3292
431,Livia Klimkiewich,6771 Bluestem Avenue,756-235-8763,lpipesby@huffingtonpost.com,Licha Pipes,659-937-8604
432,Decca Inchboard,53 Buell Drive,417-408-4926,geliasenbz@spotify.com,Garrek Eliasen,776-415-4250
433,Derrick Melly,591 Talisman Court,665-182-6894,oplanc0@macromedia.com,Odilia Plan,656-566-3320
434,Spence Ede,576 Merry Alley,323-620-3103,kdanielyc1@google.com.au,Kent Daniely,242-157-5422
435,Eliot Cartwright,59665 Erie Parkway,693-716-0080,wflewettc2@tumblr.com,Winonah Flewett,348-372-8032
436,Griff O'Kerin,7896 Schmedeman Crossing,391-414-5783,dhargetc3@dedecms.com,Dody Harget,223-544-4833
437,Gay Kinnear,3 Thompson Lane,704-427-5589,lruggieric4@ca.gov,Lanny Ruggieri,516-347-1008
438,Elaine Dinneges,4785 Messerschmidt Place,317-269-6632,rhoodlassc5@dagondesign.com,Ricardo Hoodlass,402-609-1299
439,Helga Heskey,9 Debs Pass,326-725-5341,lsiemandlc6@tamu.edu,Lyndy Siemandl,607-862-4315
440,Lizzy Hancox,60 Thierer Drive,228-775-3821,fsouthbyc7@netvibes.com,Federico Southby,253-453-1307
441,Cassius Longmaid,10189 Anhalt Avenue,750-412-1044,lyushachkovc8@bluehost.com,Launce Yushachkov,966-522-4865
442,Elora Sharrem,0 Dapin Place,138-482-7010,fbakhrushinc9@reference.com,Frieda Bakhrushin,208-648-0862
443,Baxter Bithany,40 Northwestern Place,651-772-6663,hmacdearmaidca@rediff.com,Hatty MacDearmaid,307-363-6883
444,Fianna Yule,751 Farragut Way,823-638-3032,mizhakcb@deviantart.com,Malina Izhak,406-252-0193
445,Ann-marie Cressey,9484 Mccormick Drive,499-817-0032,mstapfordcc@typepad.com,Minda Stapford,473-343-8681
446,Selia Whitty,3159 Dwight Place,751-313-5693,fgoulstoncd@seesaa.net,Franny Goulston,900-785-8016
447,Arther Dymond,43575 Lunder Parkway,949-315-0479,gwoolfendence@google.nl,Gui Woolfenden,456-307-7138
448,Amalee Axten,704 Clove Lane,651-166-8791,kothickcf@wikimedia.org,Kerr Othick,384-905-8848
449,Cyrus Dymoke,94 Atwood Place,111-655-4263,cayshcg@elegantthemes.com,Carrissa Aysh,485-659-5008
450,Nerita Halhead,6 Utah Point,293-148-9383,opetrikch@msu.edu,Ollie Petrik,598-114-2721
451,Anjanette Klampk,6 Huxley Point,110-200-8746,drottcherci@reuters.com,Dukie Rottcher,309-836-2861
452,Casandra Bestwerthick,9490 Mitchell Way,910-469-6180,cpanchincj@opensource.org,Chlo Panchin,936-646-3517
453,Glenden Roelofsen,0723 Sutherland Street,656-687-2546,hwelmanck@weebly.com,Harland Welman,221-804-5694
454,Sherlocke English,7 Dapin Circle,972-721-1233,icasacciocl@springer.com,Isidoro Casaccio,119-534-3646
455,Con McAlpine,15 Marcy Junction,171-591-7559,nborlesscm@ovh.net,Noach Borless,707-963-6755
456,Bald Scrowson,2 Elgar Alley,904-670-8297,dpoguecn@ovh.net,Dudley Pogue,978-155-7430
457,Truman Petrasch,6 Bayside Place,137-752-1773,mstolteco@google.ru,Marcelo Stolte,457-851-6617
458,Christa Petras,04 Jackson Place,594-540-6036,xfonzocp@comsenz.com,Xymenes Fonzo,195-374-8983
459,Lurette Fookes,79731 Lillian Parkway,510-939-7986,hwiddowescq@springer.com,Herschel Widdowes,605-311-6187
460,Marline Sybe,020 Ronald Regan Plaza,721-117-7481,pscougallcr@guardian.co.uk,Port Scougall,492-960-3317
461,Camella Ciobutaru,350 Pearson Crossing,395-881-6819,bgoldacs@acquirethisname.com,Brewster Golda,758-386-6751
462,Meg Crookshanks,66816 Ridgeway Road,961-179-9292,hbiggadykect@dropbox.com,Herve Biggadyke,377-360-9091
463,Susette Galiero,11 Summit Parkway,644-141-4960,kbartholatcu@google.ca,Kylila Bartholat,354-524-2351
464,Donetta covino,3566 Russell Terrace,427-862-1413,apevsnercv@imdb.com,Alfy Pevsner,962-568-8259
465,Gabbey Slocum,462 Commercial Parkway,858-875-8378,mstandishbrookscw@deviantart.com,Mureil Standish-Brooks,187-656-4126
466,Gusti Symers,3555 Talmadge Trail,503-570-8789,ksoutherillcx@mac.com,Kevon Southerill,337-529-4797
467,Kerrie Trymme,701 Donald Park,147-736-9396,dambersoncy@npr.org,Donalt Amberson,887-347-1960
468,Lynnea McCamish,8187 Pennsylvania Terrace,701-954-7611,rurridgecz@google.it,Rochella Urridge,696-792-7286
469,Merv Graben,1 Huxley Parkway,199-985-1970,dgirodd0@ucoz.com,Dyana Girod,424-169-6914
470,Waring Pitcaithley,7 Heath Road,486-157-3391,sloinesd1@istockphoto.com,Saloma Loines,429-389-6195
471,Walsh Urlich,401 Morningstar Circle,536-347-0241,trobusd2@dyndns.org,Teddy Robus,417-272-2464
472,Dom Gillise,70 Marquette Lane,683-884-4697,vshipstond3@blinklist.com,Vanessa Shipston,267-799-6149
473,Cordula Dusting,8 Sunbrook Hill,469-624-8530,escroobyd4@usatoday.com,Emera Scrooby,872-655-9404
474,Giordano Searle,084 Sugar Point,198-933-1788,wborrowmand5@boston.com,Waverley Borrowman,363-182-1840
475,Teriann McNickle,635 Waxwing Terrace,285-157-5119,lded6@netlog.com,Lurline De Ruggiero,928-314-7552
476,Felisha Shorland,55 Almo Alley,150-306-8471,etaylersond7@sphinn.com,Elly Taylerson,721-366-0908
477,Aloise Aliberti,4 Mariners Cove Center,941-499-2964,nvalentind8@indiegogo.com,Nickey Valentin,990-450-5779
478,Alexina Burnage,3 Steensland Trail,900-728-4710,asuartd9@github.io,Archer Suart,259-847-4063
479,Mechelle Dartnall,903 Sutteridge Trail,599-719-2103,ncowapda@discuz.net,Nara Cowap,858-559-0727
480,Lowe Daleman,512 Starling Junction,181-693-0770,gbollarddb@infoseek.co.jp,Gus Bollard,361-320-4656
481,Kelly Lubomirski,0 Monica Point,993-361-8681,amanusdc@fc2.com,Auberon Manus,647-893-8234
482,Riccardo Tomanek,94 Comanche Center,901-828-1212,gwoehlerdd@newsvine.com,Geri Woehler,160-883-2099
483,Bartholemy Lancetter,22101 Arkansas Hill,246-633-5861,ckropde@youtu.be,Colan Krop,287-447-7776
484,Tamqrah Betterton,469 Badeau Plaza,536-541-3301,bdibbedf@state.gov,Brooke Dibbe,555-672-9629
485,Gus Lared,1 Chive Circle,303-304-7901,mdedg@apple.com,Monte De Goey,318-128-6661
486,Darby Mohring,57163 Northview Drive,893-333-9121,gdixsondh@rambler.ru,Gretta Dixson,648-535-0819
487,Gael Henningham,5966 Gina Alley,367-902-1471,mhouricandi@gov.uk,Moritz Hourican,323-692-7546
488,Lodovico Dockreay,691 Esker Avenue,789-126-0579,balexandersendj@cbslocal.com,Booth Alexandersen,553-389-9509
489,Junette Tilte,11846 Talisman Pass,991-468-8496,pcoattsdk@amazon.com,Padget Coatts,486-841-3555
490,Philippine Mytton,70744 Magdeline Crossing,576-384-1957,skerbydl@google.cn,Sibel Kerby,952-909-5292
491,Winthrop Pawnsford,55188 Hagan Court,482-684-4848,sprozillodm@indiatimes.com,Sherwynd Prozillo,842-605-6369
492,June Ismail,07 Londonderry Plaza,772-384-2268,baslamdn@wikimedia.org,Brander Aslam,607-521-5079
493,Devora Hollyland,74 Fieldstone Lane,595-724-0737,dsweynsondo@techcrunch.com,Donica Sweynson,171-880-7887
494,Nellie Sloyan,0 Westend Street,857-277-0482,fbaudinellidp@scientificamerican.com,Fleurette Baudinelli,592-191-6514
495,Beryl Holsall,97079 Pleasure Way,681-627-7516,kmacgorriedq@taobao.com,Konstantin MacGorrie,438-297-9318
496,Eada Massey,7253 Milwaukee Way,530-299-0241,ibogeysdr@ow.ly,Itch Bogeys,650-462-0733
497,Lotte Kingscote,04 Arrowood Road,272-701-1604,mcunneyds@fotki.com,Melody Cunney,596-482-4263
498,Isahella Garrioch,93169 Sachtjen Trail,243-487-7524,pdundindt@123-reg.co.uk,Pren Dundin,676-572-9851
499,Frannie Glassborow,897 Brentwood Alley,628-527-6901,bstapforddu@indiegogo.com,Bibbie Stapford,328-329-6005
500,Zita Kiddell,24160 Crownhardt Circle,629-243-3697,csellackdv@reference.com,Car Sellack,130-219-8557
